{
  "iceCreamFlavors": [
    {
      "name": "Mint chip",
      "imagePath": "/images/mint-chip.png" 
    },
    {
      "name": "Vanilla",
      "imagePath": "/images/vanilla.png" 
    },
    {
      "name": "Chocolate",
      "imagePath": "/images/chocolate.png" 
    },
    {
      "name": "Salted caramel",
      "imagePath": "/images/salted-caramel.png" 
    }
  ], 
  "toppings": [
    {
      "name": "M&Ms",
      "imagePath": "/images/m-and-ms.png"
    },
    {
      "name": "Hot fudge",
      "imagePath": "/images/hot-fudge.png"
    },
    {
      "name": "Peanut butter cups",
      "imagePath": "/images/peanut-butter-cups.png"
    },
    {
      "name": "Gummi bears",
      "imagePath": "/images/gummi-bears.png"
    },
    {
      "name": "Mochi",
      "imagePath": "/images/mochi.png"
    },
    {
      "name": "Cherries",
      "imagePath": "/images/cherries.png"
    }
  ]
}